Category,Sentence
IDP Tricky Words,Regular exercise is highly [beneficial] for cardiovascular health.
IDP Tricky Words,The professor is a highly [influential] figure in the field of neuroscience.
IDP Tricky Words,The evidence presented in court was entirely [circumstantial].
IDP Tricky Words,The patient was [referred] to a specialist for further treatment.
IDP Tricky Words,We are at the [beginning] of a new era in digital technology.
IDP Tricky Words,These new archaeological discoveries [excite] researchers around the world.
IDP Tricky Words,We must take action to protect the natural [environment] from pollution.
IDP Tricky Words,It is a great [privilege] to study at such a prestigious university.
IDP Tricky Words,Modern consumers are becoming much more environmentally [conscious].
IDP Tricky Words,Her prolonged [absence] from class severely affected her final grade.
IDP Tricky Words,You must study consistently to [achieve] a high score on the exam.
IDP Tricky Words,My [colleague] will cover my shift while I am on vacation.
IDP Tricky Words,The damage to the laboratory equipment was a [deliberate] act of vandalism.
IDP Tricky Words,English is the primary [language] used in international business.
IDP Tricky Words,The main university [library] is open 24 hours during exam week.
IDP Tricky Words,We booked a table at the new Italian [restaurant] for 8 PM.
IDP Tricky Words,The shop prides itself on offering excellent [customer] service.
IDP Tricky Words,Many scientists [believe] that climate change is accelerating rapidly.
IDP Tricky Words,The city's architecture is a fascinating mix of ancient and [modern] styles.
IDP Tricky Words,The final chapter of the physics textbook is particularly [difficult].
IDP Tricky Words,The new tax policy caused a massive amount of public [controversy].
IDP Tricky Words,Please write your final answers on a [separate] sheet of paper.
IDP Tricky Words,"In [comparison] to last year, our retail sales have dropped significantly."
IDP Tricky Words,The mountain resort is internationally famous for its excellent [skiing] facilities.
IDP Tricky Words,Starting a new [business] requires a significant amount of capital.
IDP Tricky Words,The [professor] will upload the lecture slides to the portal this evening.
IDP Tricky Words,The new shopping mall is located on the corner of fifth [avenue].
IDP Tricky Words,The country is investing heavily in the development of [nuclear] energy.
IDP Tricky Words,The two competing scientific theories are [basically] identical in their core assumptions.
IDP Tricky Words,Learning a new instrument requires a huge time [commitment].
IDP Tricky Words,Many animal species will [disappear] if their natural habitats are destroyed.
IDP Tricky Words,Moving to a new country for university is a very [exciting] experience.
IDP Tricky Words,The lecture was so [boring] that half the students fell asleep.
IDP Tricky Words,The music features a very complex and fast-paced [rhythm].
IDP Tricky Words,"If the fire alarm sounds, please evacuate the building [immediately]."
IDP Tricky Words,It is absolutely [necessary] to submit your visa application on time.
IDP Tricky Words,"The national museum displays the [original] painting, not a replica."
IDP Tricky Words,We need to set highly [realistic] goals for the project timeline.
IDP Tricky Words,You will [receive] a confirmation email within 24 hours of booking.
IDP Tricky Words,The autumn semester officially begins in the middle of [February].
IDP Tricky Words,There is a growing [tendency] for young professionals to delay starting a family.
IDP Tricky Words,Childhood [obesity] is quickly becoming a major global public health crisis.
IDP Tricky Words,The average age of [marriage] has increased in recent decades.
IDP Tricky Words,The government is heavily subsidizing the installation of [solar] panels.
IDP Tricky Words,The aviation industry is desperately searching for alternative [fuel] sources.
IDP Tricky Words,The locals in the rural village were incredibly welcoming and [friendly].
IDP Tricky Words,The student union building will remain open [until] midnight.
IDP Tricky Words,The coastal drive offers [beautiful] views of the Pacific Ocean.
IDP Tricky Words,Traffic on the main [highway] is usually heavily congested at 5 PM.
IDP Tricky Words,A remarkably high [percentage] of the students pass the exam on their first try.
IDP Tricky Words,The capital city currently has a population of over three [million] people.
IDP Tricky Words,The front-row concert tickets cost exactly two [thousand] yen.
IDP Tricky Words,The stone artifact is estimated by historians to be over five [hundred] years old.
IDP Tricky Words,The price of imported oil will often [fluctuate] wildly during times of crisis.
IDP Tricky Words,Retail sales usually reach their absolute [peak] during the holiday season.
IDP Tricky Words,The local economy took over five years to fully [recover] from the recession.
IDP Tricky Words,He is a highly talented [musician] who plays three different orchestral instruments.
IDP Tricky Words,All academic assignments must be typed on a [computer] and printed.
IDP Tricky Words,You need to install the latest [software] update to use the program safely.
IDP Tricky Words,The entire guest lecture was recorded on [video] for the online students.
IDP Tricky Words,The lead detective is currently investigating a highly publicized [murder] case.
IDP Tricky Words,The main [topic] of today's afternoon seminar is marine biology.
IDP Tricky Words,The logistics company hired a [temporary] worker to cover the busy summer season.
IDP Tricky Words,"I would love to attend the party, but [unfortunately], I am busy that day."
IDP Tricky Words,One major [disadvantage] of rural living is the severe lack of public transport.
IDP Tricky Words,The author presents a highly compelling [argument] against the new environmental law.
IDP Tricky Words,The weekly staff meeting is held in the boardroom every [Wednesday] morning.
IDP Tricky Words,My next-door [neighbour] is always playing loud music late at night.
IDP Tricky Words,Learning a [foreign] language has been proven to improve cognitive function.
IDP Tricky Words,Studying abroad provides a great [opportunity] to experience entirely new cultures.
IDP Tricky Words,The international flight was delayed [because] of severe thunderstorms.
Academic Subjects,She decided to major in [mathematics] because she loves solving complex equations.
Academic Subjects,The [psychology] department is conducting a study on human memory.
Academic Subjects,He is studying [architecture] and hopes to design sustainable buildings.
Academic Subjects,The [philosophy] class spent the entire semester discussing the ethics of artificial intelligence.
Academic Subjects,Classical [literature] often reflects the social issues of its time period.
Academic Subjects,The [engineering] students built a solar-powered car for their final project.
Academic Subjects,Physical [geography] focuses on the Earth's natural environments and landscapes.
Academic Subjects,A degree in [economics] helps you understand how global markets function.
Academic Subjects,Modern [agriculture] relies heavily on technology to maximize crop yields.
Academic Subjects,The [chemistry] lab is equipped with safety showers and eye-wash stations.
Academic Subjects,Quantum [physics] is notoriously difficult for undergraduate students to grasp.
Campus Locations,The ancient artifacts are currently on display in the national [museum].
Campus Locations,Students must wear safety goggles when conducting experiments in the [laboratory].
Campus Locations,The drama society is performing a Shakespeare play in the campus [theater].
Campus Locations,The university is building a massive new [stadium] for the football team.
Campus Locations,You can play basketball or use the weights in the student [gymnasium].
Campus Locations,The [cafeteria] serves hot meals from 11 AM to 2 PM every day.
Campus Locations,Please walk quietly down the [corridor] while classes are in session.
Campus Locations,The luxury apartment features a large outdoor [balcony] with ocean views.
Campus Locations,The art [exhibition] will feature works from local Indigenous artists.
Days & Months,The deadline for the first semester application is the end of [January].
Days & Months,The weather is typically very hot and humid during [August].
Days & Months,The new academic year always begins in the first week of [September].
Days & Months,The leaves on the trees begin to change color in [October].
Days & Months,We are expecting a shipment of new textbooks in [November].
Days & Months,The campus is completely deserted during the winter break in [December].
Days & Months,The biology tutorial has been moved from Monday to [Tuesday].
Days & Months,The final exam will be held in the main hall next [Thursday].
Days & Months,The library has reduced opening hours on [Saturday] and Sunday.
Double Letter Traps,The steering [committee] will vote on the proposed budget tomorrow.
Double Letter Traps,I didn't want to [embarrass] him by pointing out his obvious mistake.
Double Letter Traps,News media will often [exaggerate] the details of a story to get more views.
Double Letter Traps,The two roads run [parallel] to each other for exactly ten miles.
Double Letter Traps,Hard work and dedication are the keys to long-term [success].
Double Letter Traps,The suspect was found to [possess] several illegal firearms.
Double Letter Traps,Please check the student [bulletin] board for updates on club meetings.
Double Letter Traps,It is considered very rude to [interrupt] someone while they are speaking.
Double Letter Traps,The manager faced a serious ethical [dilemma] regarding the safety protocols.
Double Letter Traps,The artifact dates back to the first [millennium] BC.
Double Letter Traps,Studies show that stress levels [correlate] strongly with poor sleep.
Double Letter Traps,The wild dog became highly [aggressive] when approached by the hikers.
Suffix Traps (-ence / -ance),The building requires constant [maintenance] to keep the roof from leaking.
Suffix Traps (-ence / -ance),The suspect changed his physical [appearance] to avoid being recognized.
Suffix Traps (-ence / -ance),The bacteria developed a strong [resistance] to the antibiotic drugs.
Suffix Traps (-ence / -ance),The school has a strict zero [tolerance] policy for bullying.
Suffix Traps (-ence / -ance),Many people doubt the [existence] of life on other planets.
Suffix Traps (-ence / -ance),The country fought a long and brutal war for its [independence].
Suffix Traps (-ence / -ance),"When booking a flight, please state your meal [preference]."
Suffix Traps (-ence / -ance),Flooding is a rare [occurrence] in this desert region.
Suffix Traps (-ence / -ance),There is a significant [difference] between the two competing products.
Suffix Traps (-ence / -ance),Please provide at least one professional [reference] on your resume.
Vowels & Silent Letters,The photography competition is open to both professionals and [amateur] photographers.
Vowels & Silent Letters,A successful [entrepreneur] must be willing to take calculated financial risks.
Vowels & Silent Letters,We cannot [guarantee] that the package will arrive before the weekend.
Vowels & Silent Letters,The corporate [hierarchy] makes it difficult for junior staff to suggest ideas.
Vowels & Silent Letters,The army [lieutenant] gave a direct order to his soldiers.
Vowels & Silent Letters,It is difficult to [maneuver] a large truck through these narrow city streets.
Vowels & Silent Letters,The invention of the smartphone created a fundamental [paradigm] shift in communication.
Vowels & Silent Letters,The train is running exactly on [schedule] despite the heavy rain.
Vowels & Silent Letters,You need to use a [vacuum] cleaner to get the dog hair out of the carpet.
Vowels & Silent Letters,The weather has been incredibly [weird] and unpredictable this season.
Task 1 Data Vocabulary,The value of the company's shares [plummeted] following the scandal.
Task 1 Data Vocabulary,"After the new advertising campaign, product sales [soared] to record highs."
Task 1 Data Vocabulary,Population growth eventually [plateaued] at roughly five million people.
Task 1 Data Vocabulary,Economic growth has [stagnated] due to a lack of foreign investment.
Task 1 Data Vocabulary,A significant [proportion] of the budget is spent on national defense.
Task 1 Data Vocabulary,The vast [majority] of voters supported the new environmental legislation.
Task 1 Data Vocabulary,Only a tiny [minority] of students failed the final examination.
Task 1 Data Vocabulary,The journey takes [approximately] two hours by high-speed train.
Task 1 Data Vocabulary,"The total cost was [exactly] five thousand dollars, with no extra fees."
Task 2 Academic Vocab,A severe lack of sleep is a direct [consequence] of modern work culture.
Task 2 Academic Vocab,The initial error caused a series of [subsequent] failures in the system.
Task 2 Academic Vocab,The current funding is not [adequate] to cover the cost of repairs.
Task 2 Academic Vocab,The punishment must be [proportionate] to the severity of the crime.
Task 2 Academic Vocab,The successful [implementation] of the policy relies on public support.
Task 2 Academic Vocab,Technological [innovation] is the driving force behind economic growth.
Task 2 Academic Vocab,The scientists conducted an experiment to test their initial [hypothesis].
Task 2 Academic Vocab,A detailed [analysis] of the data reveals a troubling upward trend.
Task 2 Academic Vocab,The vehicles are divided into a specific [category] based on their weight.
Task 2 Academic Vocab,The marketing team needs to develop a new [strategy] for the social media campaign.
Task 2 Academic Vocab,Traveling abroad gives students a much broader global [perspective].
Task 2 Academic Vocab,Freedom of speech is considered a [fundamental] human right in democracies.
Task 2 Academic Vocab,"If we do not reduce emissions, ecological disaster is entirely [inevitable]."
Task 2 Academic Vocab,It is absolutely [crucial] that we address this issue immediately.
Task 2 Academic Vocab,There has been a [significant] improvement in his writing score.
Task 2 Academic Vocab,It is [apparent] from the data that the current approach is failing.
Task 2 Academic Vocab,The evidence provided by the defense was not [sufficient] to prove innocence.
Task 2 Academic Vocab,This type of tropical disease is highly [prevalent] in humid climates.
Task 2 Academic Vocab,Please ensure all documentation is [relevant] to the job you are applying for.
Task 2 Academic Vocab,The teacher will [evaluate] the students based on their final presentations.
Task 2 Academic Vocab,Reading extensively is the best way to improve your academic [vocabulary].
Task 2 Academic Vocab,The laboratory must [validate] the test results before they are published.
Task 2 Academic Vocab,Could you please [elaborate] on the second point you made in your essay?
Task 2 Academic Vocab,The speaker used several diagrams to [illustrate] his complex theory.
Task 2 Academic Vocab,A vegetarian diet completely seeks to [eliminate] meat from daily meals.
Task 2 Academic Vocab,The government introduced a new strict [policy] regarding plastic waste.
Task 2 Academic Vocab,Einstein's [theory] of relativity completely changed our understanding of physics.
Task 2 Academic Vocab,The euro is the official [currency] used by most countries in the European Union.
Task 2 Academic Vocab,The new testing method greatly improves the [accuracy] of the medical diagnosis.
Core Academic Words (AWL),The committee will [assess] the damage caused by the recent storm.
Core Academic Words (AWL),The [concept] of artificial intelligence is difficult for some people to grasp.
Core Academic Words (AWL),You cannot understand this historical event without knowing the political [context].
Core Academic Words (AWL),The researchers collected massive amounts of [data] over a ten-year period.
Core Academic Words (AWL),Many English words actually [derive] from ancient Latin and Greek.
Core Academic Words (AWL),Price is a major deciding [factor] for consumers when buying a car.
Core Academic Words (AWL),The doctor was able to quickly [identify] the cause of the illness.
Core Academic Words (AWL),Red flashing lights usually [indicate] a severe mechanical warning.
Core Academic Words (AWL),Traffic congestion is a [major] problem in almost all capital cities.
Core Academic Words (AWL),The traditional [method] of farming is no longer sustainable.
Core Academic Words (AWL),Earthquakes can [occur] without any prior warning whatsoever.
Core Academic Words (AWL),The medieval [period] is often misunderstood by modern historians.
Core Academic Words (AWL),The basic [principle] of the design is to maximize natural sunlight.
Core Academic Words (AWL),Applying for a passport can be a long and frustrating [process].
Core Academic Words (AWL),Further [research] is required before the drug can be sold to the public.
Core Academic Words (AWL),The immune system will naturally [respond] to the presence of a virus.
Core Academic Words (AWL),The agricultural [sector] employs thousands of workers in this region.
Core Academic Words (AWL),Wind is a highly reliable [source] of renewable energy.
Core Academic Words (AWL),The doctor gave me highly [specific] instructions regarding my medication.
Core Academic Words (AWL),The physical [structure] of the bridge was weakened by the earthquake.
Core Academic Words (AWL),Weather is an unpredictable [variable] that affects crop yields every year.
Core Academic Words (AWL),The company is trying to [acquire] its smaller rival to dominate the market.
Core Academic Words (AWL),Lack of sleep will heavily [affect] your ability to concentrate in class.
Core Academic Words (AWL),We must consider every [aspect] of the problem before making a decision.
Core Academic Words (AWL),The situation is incredibly [complex] and cannot be solved overnight.
Core Academic Words (AWL),The scientists were forced to [conclude] that their hypothesis was incorrect.
Core Academic Words (AWL),The university will [conduct] a thorough review of its admission policies.
Core Academic Words (AWL),Food is a central part of traditional Japanese [culture].
Core Academic Words (AWL),The graphic artist was hired to [design] a new logo for the brand.
Core Academic Words (AWL),Water is an essential [element] for all known forms of life.
Core Academic Words (AWL),Many people falsely [equate] wealth with genuine happiness.
Core Academic Words (AWL),The smartphone's most popular [feature] is its high-resolution camera.
Core Academic Words (AWL),Climate change will heavily [impact] coastal communities in the future.
Core Academic Words (AWL),You can seriously [injure] yourself if you lift weights incorrectly.
Core Academic Words (AWL),The police will thoroughly [investigate] the scene of the crime.
Core Academic Words (AWL),Please place every single [item] into the scanning bin at security.
Core Academic Words (AWL),The findings were published in a highly respected medical [journal].
Core Academic Words (AWL),It is difficult to [maintain] a healthy diet while traveling constantly.
Core Academic Words (AWL),It is perfectly [normal] to feel nervous before a speaking exam.
Core Academic Words (AWL),You must [obtain] a visa before you can legally enter the country.
Core Academic Words (AWL),All students are expected to actively [participate] in group discussions.
Core Academic Words (AWL),Dogs can [perceive] sounds that are completely inaudible to human ears.
Core Academic Words (AWL),The new community center had a highly [positive] effect on the neighborhood.
Core Academic Words (AWL),The abandoned warehouse poses a [potential] fire hazard to the street.
Core Academic Words (AWL),The current manager is much more efficient than the [previous] one.
Core Academic Words (AWL),The [primary] reason for his resignation was a lack of job satisfaction.
Core Academic Words (AWL),The store offers a wide [range] of products for outdoor enthusiasts.
Core Academic Words (AWL),This specific [region] is known for its excellent wine production.
Core Academic Words (AWL),The government is attempting to strictly [regulate] the banking industry.
Core Academic Words (AWL),Many older citizens [reside] in quiet towns away from the bustling city.
Core Academic Words (AWL),Fresh water is becoming a highly scarce [resource] in many countries.
Core Academic Words (AWL),The new law will severely [restrict] the sale of tobacco products.
Core Academic Words (AWL),Please ensure that you tightly [secure] your luggage before the flight.
Core Academic Words (AWL),Many refugees cross the border to [seek] safety and a better life.
Core Academic Words (AWL),You must [select] three elective subjects for your final semester.